,threshold,size,dice
23,0.3,256,0.44657881422313433
18,0.25,256,0.44657881422313433
8,0.15,256,0.44644049535029756
28,0.35,256,0.44639283121991136
13,0.2,256,0.44635839397079624
3,0.1,256,0.44618582854761896
48,0.55,256,0.44467562164182384
38,0.45,256,0.444643004131935
43,0.5,256,0.444643004131935
33,0.4,256,0.444643004131935
