,threshold,size,dice
8,0.15,256,0.4517871550623289
28,0.35,256,0.4517529994681405
13,0.2,256,0.4515991424765765
23,0.3,256,0.45140974246361626
18,0.25,256,0.4512669568449561
3,0.1,256,0.4508190503112771
33,0.4,256,0.4478697304193086
43,0.5,256,0.447727784084075
38,0.45,256,0.447727784084075
48,0.55,256,0.44768352566308295
