,threshold,size,dice
8,0.15,256,0.48922957382821447
3,0.1,256,0.4888627463958497
83,0.9,256,0.48669741426749097
18,0.25,256,0.4850050829395293
13,0.2,256,0.48488310996749556
38,0.45,256,0.4821367819901288
43,0.5,256,0.48195343566010684
33,0.4,256,0.48195213301150147
53,0.6,256,0.481944656236121
48,0.55,256,0.4818228112981783
