,threshold,size,dice
82,0.9,64,0.5435646781640958
77,0.85,64,0.5434713457262526
47,0.55,64,0.5431583941367285
87,0.95,64,0.5431373906887649
72,0.8,64,0.5431031556832446
52,0.6,64,0.543007666252456
57,0.65,64,0.542757538144293
67,0.75,64,0.542741091219277
62,0.7,64,0.5426018160531644
83,0.9,256,0.5392727638911741
