,threshold,size,dice
3,0.1,256,0.5937558165639099
8,0.15,256,0.5925901806116328
23,0.3,256,0.5922202577068245
18,0.25,256,0.592119462709314
13,0.2,256,0.5918447883060298
88,0.95,256,0.5908441618774356
83,0.9,256,0.5905530682720962
63,0.7,256,0.5901696598353746
78,0.85,256,0.5901637515392807
68,0.75,256,0.5900005162465239
