,threshold,size,dice
9,0.15,256,0.46030224513710766
33,0.35,256,0.4554568512675122
21,0.25,256,0.4554326961070666
15,0.2,256,0.4554008981045244
27,0.3,256,0.4553427116781064
39,0.4,256,0.45527201148226837
57,0.55,256,0.4552538806326209
51,0.5,256,0.4552538806326209
45,0.45,256,0.45518543084909335
3,0.1,256,0.45379145929481285
