,threshold,size,dice
13,0.2,256,0.4572284731838791
3,0.1,256,0.45709675384911813
8,0.15,256,0.45695671196902343
72,0.8,64,0.45393035221353395
67,0.75,64,0.45392044265856824
33,0.4,256,0.4526490671494943
28,0.35,256,0.45255870116854086
23,0.3,256,0.45232387703437615
18,0.25,256,0.452322905364404
38,0.45,256,0.45162834900136867
