,threshold,size,dice
2,0.1,64,0.33018166279572686
61,0.7,16,0.32994886669389617
66,0.75,16,0.3297970452552996
76,0.85,16,0.32946016139658885
56,0.65,16,0.329316169778225
81,0.9,16,0.3291561767579009
80,0.9,0,0.3291561767579009
7,0.15,64,0.3291369970821909
71,0.8,16,0.3291256027367057
51,0.6,16,0.32890343046266024
