,threshold,size,dice
3,0.1,256,0.558304830823548
73,0.8,256,0.555412337410538
68,0.75,256,0.5552866437639102
78,0.85,256,0.5552438175684841
53,0.6,256,0.5551287809905425
63,0.7,256,0.5548244816567576
58,0.65,256,0.5548044225425479
43,0.5,256,0.5546719894314408
48,0.55,256,0.5546000201213555
38,0.45,256,0.5542677689176106
