,threshold,size,dice
87,0.95,64,0.2695308911681239
82,0.9,64,0.26904394292876643
77,0.85,64,0.26821368725267786
72,0.8,64,0.2624693785797049
2,0.1,64,0.2622536870140193
57,0.65,64,0.2621134045787006
52,0.6,64,0.26205509905305774
47,0.55,64,0.2620143258100912
42,0.5,64,0.2619431030954475
62,0.7,64,0.26178616439439917
