,threshold,size,dice
20,0.25,64,0.2304093176243284
14,0.2,64,0.22803396383438687
2,0.1,64,0.22790088937523478
8,0.15,64,0.22790088937523478
74,0.7,64,0.22674912182160498
68,0.65,64,0.2267211215645921
80,0.75,64,0.22668902879944156
92,0.85,64,0.22655569645482085
98,0.9,64,0.22655569645482085
62,0.6,64,0.2265387521837006
