,threshold,size,dice
0,0.1,0,0.14099735590237086
1,0.1,16,0.14099735590237086
52,0.6,64,0.14076458703811373
57,0.65,64,0.14054044528271703
62,0.7,64,0.14032232691715066
11,0.2,16,0.13967988172209725
10,0.2,0,0.13967988172209725
67,0.75,64,0.13961797961539688
6,0.15,16,0.13941526319701195
5,0.15,0,0.13941526319701195
