,threshold,size,dice
52,0.6,64,0.23908729040523138
67,0.75,64,0.23899759451096242
62,0.7,64,0.238917574844371
77,0.85,64,0.23869101518200575
17,0.25,64,0.23867721386154736
47,0.55,64,0.23865546153654765
57,0.65,64,0.23857923605471973
72,0.8,64,0.2384946518441295
27,0.35,64,0.2383729847737391
82,0.9,64,0.2383702442883394
