,threshold,size,dice
99,0.9,256,0.5713974762527295
75,0.7,256,0.5713755431986237
81,0.75,256,0.571368313851709
39,0.4,256,0.5713248871856389
69,0.65,256,0.5712654326115967
63,0.6,256,0.5712028055538464
93,0.85,256,0.5711214777508572
33,0.35,256,0.5710940204742284
105,0.95,256,0.5710882025786955
27,0.3,256,0.5710264409408755
