,threshold,size,dice
15,0.2,256,0.49421900962095594
39,0.4,256,0.49420047073578094
45,0.45,256,0.4941201184082928
3,0.1,256,0.49410270947765544
33,0.35,256,0.4940882378004168
27,0.3,256,0.4940882378004168
51,0.5,256,0.49408019130064007
57,0.55,256,0.49408019130064007
9,0.15,256,0.49406444553821866
21,0.25,256,0.4940531462261378
