,threshold,size,dice
87,0.95,64,0.23555724896526287
62,0.7,64,0.23496524144094125
57,0.65,64,0.23469695857506886
82,0.9,64,0.2345307947763604
52,0.6,64,0.23428684357961915
47,0.55,64,0.23399697034161263
42,0.5,64,0.23392450354527028
67,0.75,64,0.23372901404860671
37,0.45,64,0.23326417141021064
72,0.8,64,0.23312781089099183
